<?xml version="1.0" encoding="UTF-8"?>
<beans xmlns="http://www.springframework.org/schema/beans"
	xmlns:xsi="http://www.w3.org/2001/XMLSchema-instance"
	xmlns:mvc="http://www.springframework.org/schema/mvc"
	xmlns:context="http://www.springframework.org/schema/context"
	xsi:schemaLocation="http://www.springframework.org/schema/mvc http://www.springframework.org/schema/mvc/spring-mvc-3.2.xsd
		http://www.springframework.org/schema/beans http://www.springframework.org/schema/beans/spring-beans.xsd
		http://www.springframework.org/schema/context http://www.springframework.org/schema/context/spring-context-3.2.xsd">

	<mvc:annotation-driven/>
	<mvc:default-servlet-handler/>
	
	<context:annotation-config/>
	
	<context:component-scan base-package="kr.or.ju" use-default-filters="false">
		<context:include-filter type="annotation" expression="org.springframework.stereotype.Controller"/>
	</context:component-scan>
	
	<bean class="org.springframework.web.servlet.view.InternalResourceViewResolver">
		<property name="prefix" value="/WEB-INF/ju/"> </property>
		<property name="suffix" value=".jsp"></property>
		<property name="contentType" value="text/html; charset=UTF-8"/>
	</bean>	
	
	<!-- view Resolver -->
	<bean class ="org.springframework.web.servlet.view.BeanNameViewResolver">
		<property name="order" value="0"/>
	</bean>
	
	<!-- tiles view resolver -->
	<bean class="org.springframework.web.servlet.view.tiles3.TilesViewResolver">
		<property name="order" value="1"/>
		<property name="viewClass" value="org.springframework.web.servlet.view.tiles3.TilesView"></property>
	</bean>
	
	<!-- tiles configurer -->
	<bean class="org.springframework.web.servlet.view.tiles3.TilesConfigurer">
		<property name="definitions">
			<list>
				<value>/WEB-INF/config/tiles/tiles-config.xml</value>
			</list>
		</property>
	</bean>
	
	<bean id="multipartResolver" class="org.springframework.web.multipart.commons.CommonsMultipartResolver">
		<property name="defaultEncoding" value="UTF-8"></property>
	</bean>
	 
	<!-- json 처리용 view -->
	<bean id="jsonView" class="org.springframework.web.servlet.view.json.MappingJackson2JsonView" />
</beans>