<?xml version="1.0" encoding="UTF-8"?>
<!DOCTYPE mapper
  PUBLIC "-//mybatis.org//DTD Mapper 3.0//EN"
  "http://mybatis.org/dtd/mybatis-3-mapper.dtd">
<mapper namespace="dataEtc">
<!-- 인구통계 insert -->
	<insert id="insertHumanStatistic" parameterType="map">
		insert all
		<foreach collection="list" item="hvo" separator=" ">
			into HUMAN_STATISTIC(
				hs_dong,hs_gndr,hs_age_grp,hs_hm_no,hs_date	)
			values (
				#{hvo.hs_dong},#{hvo.hs_gndr},#{hvo.hs_age_grp}, 
				#{hvo.hs_hm_no},
				#{hvo.hs_date}
				) 
		</foreach>
		select * from dual 
	</insert>
<!-- 인구통계 연도 select -->
	<select id="hasmonth" resultType="human_statisticVo">
		select DISTINCT hs_date from human_statistic
	</select>
<!-- 물가  insert -->	
	<insert id="insertMarket" parameterType="map">
		insert all
		<foreach collection="list" item="mvo" separator=" ">
			into MARKET(
				mk_nm,mk_dong,mk_classf	)
			values (
				#{mvo.mk_nm},#{mvo.mk_dong},#{mvo.mk_classf}
				)
		</foreach>
		select * from dual 
	</insert>
	
	<select id="marketList" resultType="marketVo">
		select * from market
	</select>
	
<!-- 물가상세  insert -->	
	<insert id="insertMarketDetail" parameterType="map">
		insert all
		<foreach collection="list" item="mdvo" separator=" ">
			into Market_detail(
              mkd_no , mkd_date,mkd_price,mkd_prod,mkd_prod_detail,mkd_mk,mkd_mk_dong,mkd_classf) 
            values  (
                get_seq_mkd_no(),#{mdvo.mkd_date},#{mdvo.mkd_price},#{mdvo.mkd_prod},
                #{mdvo.mkd_prod_detail},#{mdvo.mkd_mk},#{mdvo.mkd_mk_dong},#{mdvo.mkd_classf}
            )
		</foreach>
		select * from dual 
	</insert>
<!-- 물가상세 연도 select -->
	<select id="markethasmonth" resultType="marketDetailVo">
		select distinct MKD_DATE from market_detail
	</select>

<!-- bus insert -->
    <insert id="insertBus" parameterType="map">
		insert all
		<foreach collection="list" item="bvo" separator=" ">
			into bus(
              bus_cd,bus_no,bus_tp) 
            values  (
                #{bvo.bus_cd},#{bvo.bus_no},#{bvo.bus_tp}
               )
		</foreach>
		select * from dual 
	</insert>	

<!-- route insert -->
    <insert id="insertRoute" parameterType="map">
		insert all
		<foreach collection="list" item="rdvo" separator=" ">
			into route(
              rt_cd,rt_id) 
            values  (
                #{rdvo.rt_cd},#{rdvo.rt_id}
               ) LOG ERRORS REJECT LIMIT UNLIMITED
		</foreach>
		select * from dual 
	</insert>
	
<!-- station insert -->
    <insert id="insertStation" parameterType="map">
		insert all
		<foreach collection="list" item="sdvo" separator=" ">
			into station(
              sttn_id,sttn_nm,sttn_lat,sttn_lng) 
            values  (
                #{sdvo.sttn_id},#{sdvo.sttn_nm},#{sdvo.sttn_lat},#{sdvo.sttn_lng}
               ) LOG ERRORS REJECT LIMIT UNLIMITED
		</foreach>
		select * from dual 
	</insert>

<!-- delete -->    
	<delete id="deleteBus">delete from bus</delete>
	<delete id="deleteRoute">delete from route</delete>
	<delete id="deleteStation">delete from station</delete>
	
<!-- 시설관리 -->
	<!-- 시설 -->
	<insert id="insertInsti" parameterType="instiVo">
		insert into insti(insti_no,insti_nm)
    values( seq_insti_no.nextval,#{insti_nm})
	</insert>
	
	<select id="selectInstiList" resultType="instiVo">
		select * from insti
	</select>
	
	<!-- 시설속성 -->
	<insert id="insertIattr" parameterType="instiAttrVo">
		insert into insti_attr(iattr_no,iattr_insti,<if test="iattr_pare!=0">iattr_pare,</if>
								iattr_key,<if test="iattr_val!=null">iattr_val</if>)
    values(seq_iattr_no.nextval,#{iattr_insti},
    	<if test="iattr_pare!=0">#{iattr_pare},</if>
    	#{iattr_key},
    	<if test="iattr_val!=null">#{iattr_val}</if>)
	</insert>
		<!-- 시설속성의 테이블에서 제목부분..중복제거 -->
	<select id="selectInsti_attr" resultType="instiAttrVo">
		select iattr_pare,iattr_key from insti_attr
	where ROWID IN (SELECT max(ROWID) FROM insti_attr GROUP BY iattr_key) 
	and iattr_insti= #{iattr_insti} 
	order by iattr_no
	</select>
	<select id="slelectInstiAttrList" parameterType="Integer" resultType="instiAttrVo">
<!-- 	SELECT -->
<!--     a.groupno, -->
<!--     a.iattr_key, -->
<!--     b.iattr_key, -->
<!--     b.iattr_val, -->
<!--     b.iattr_pare, -->
<!--     b.iattr_no -->
<!-- FROM -->
<!--     ( -->
<!--         SELECT -->
<!--             b.groupno, -->
<!--             a.* -->
<!--         FROM -->
<!--             ( -->
<!--                 SELECT -->
<!--                     a.iattr_key, -->
<!--                     a.iattr_no -->
<!--                 FROM -->
<!--                     insti_attr a -->
<!--                 WHERE -->
<!--                     ROWID IN ( -->
<!--                         SELECT -->
<!--                             MAX(ROWID) -->
<!--                         FROM -->
<!--                             insti_attr -->
<!--                         GROUP BY -->
<!--                             iattr_key -->
<!--                     ) -->
<!--                     AND   a.iattr_insti = #{iattr_insti} -->
<!--             ) a, -->
<!--             ( -->
<!--                 SELECT -->
<!--                     iattr_no groupno -->
<!--                 FROM -->
<!--                     insti_attr -->
<!--                 WHERE -->
<!--                     iattr_insti = #{iattr_insti} -->
<!--                     AND   iattr_pare IS NULL        -->
<!--             ) b -->
<!--         ORDER BY -->
<!--             b.groupno, -->
<!--             a.iattr_no -->
<!--     ) a, -->
<!--     ( -->
<!--         SELECT b.* -->
<!--         FROM -->
<!--             ( -->
<!--                 SELECT -->
<!--                     iattr_key, -->
<!--                     iattr_val, -->
<!--                     iattr_pare, -->
<!--                     iattr_no, -->
<!--                     connect_by_root iattr_no groupno, -->
<!--                     ROWNUM rn -->
<!--                 FROM -->
<!--                     insti_attr -->
<!--                 WHERE -->
<!--                     iattr_insti = #{iattr_insti} -->
<!--                 START WITH -->
<!--                     iattr_pare IS NULL -->
<!--                 CONNECT BY -->
<!--                     PRIOR iattr_no = iattr_pare -->
<!--             ) b -->
<!--     ) b -->
<!-- WHERE -->
<!--     a.iattr_key = b.iattr_key (+) -->
<!--     AND   a.groupno = b.groupno (+) -->
<!-- ORDER BY -->
<!--     a.groupno, -->
<!--             a.iattr_no -->
            
            
            
            
SELECT
    a.groupno,
    a.iattr_key,
    b.iattr_key,
    b.iattr_val,
    b.iattr_pare,
    b.iattr_no
FROM
    (
        SELECT
            b.groupno,
            a.*
        FROM
            (
                SELECT
                    a.iattr_key,
                    a.iattr_no
                FROM
                    insti_attr a
                WHERE
                    ROWID IN (
                        SELECT
                            MAX(ROWID)
                        FROM
                            insti_attr
                        GROUP BY
                            iattr_key
                    )
                    AND   a.iattr_insti = #{iattr_insti}
            ) a,
            (
                SELECT
                    iattr_no groupno
                FROM
                    insti_attr
                WHERE
                    iattr_insti = #{iattr_insti}
                    AND   iattr_pare IS NULL       
            ) b
        ORDER BY
            b.groupno,
            a.iattr_no
    ) a,
    (
        SELECT b.*
        FROM
            (
                SELECT
                    iattr_key,
                    iattr_val,
                    iattr_pare,
                    iattr_no,
                    connect_by_root iattr_no groupno,
                    ROWNUM rn
                FROM
                    insti_attr
                WHERE
                    iattr_insti = #{iattr_insti}
                START WITH
                    iattr_pare IS NULL
                CONNECT BY
                    PRIOR iattr_no = iattr_pare
            ) b
    ) b
WHERE
    a.iattr_key = b.iattr_key (+)
    AND   a.groupno = b.groupno (+)
ORDER BY
    a.groupno,
            a.iattr_no
	</select>
	
	<delete id="deletInsti" parameterType="int">
		delete from insti where insti_no=#{inti_no}
	</delete>
	
<!-- 	<delete id="deleteInsti" parameterType="int"> -->
<!-- 		 delete insti_attr -->
<!-- 			where iattr_no = #{iattr_no} or iattr_pare=#{iattr_no}	 -->
<!-- 	</delete> -->
	
	
	<insert id="marketListOne" parameterType="marketVo">
		insert	into MARKET( mk_nm, mk_dong, mk_classf	)
		values ( #{mk_nm}, #{mk_dong}, #{mk_classf} )	
	</insert>	
	
</mapper>






















