<?xml version="1.0" encoding="UTF-8"?> 
<!DOCTYPE mapper
  PUBLIC "-//mybatis.org//DTD Mapper 3.0//EN"
  "http://mybatis.org/dtd/mybatis-3-mapper.dtd">
<mapper namespace="detail">

	<select id="selectArticle" parameterType="articleVo" resultType="articleVo">
		select * from article
		where artcl_gu = #{artcl_gu} and artcl_dong=#{artcl_dong} 
		and artcl_zip=#{artcl_zip} and artcl_rd=#{artcl_rd}
	</select>
	
	<select id="selectDealList" parameterType="dealVo" resultType="dealVo">
		select * from deal
		where dl_gu = #{dl_gu} and dl_dong=#{dl_dong} 
		and dl_zip=#{dl_zip} and dl_rd=#{dl_rd}
		and dl_ty = #{dl_ty}
	</select>
	
	<select id="selectAreas" parameterType="articleVo" resultType="String">
		select distinct dl_excv_area from deal
		where dl_gu = #{artcl_gu} and dl_dong=#{artcl_dong} 
		and dl_zip=#{artcl_zip} and dl_rd=#{artcl_rd}
		and dl_ty = #{artcl_dl_ty}
		order by dl_excv_area
	</select>
	
	<select id="selectDealListByArea" parameterType="dealVo" resultType="dealVo">
		select * from deal
		where dl_gu = #{dl_gu} and dl_dong= #{dl_dong} and dl_zip= #{dl_zip} and dl_rd= #{dl_rd}
		and dl_ty = #{dl_ty} 
		and dl_excv_area = #{dl_excv_area}
		order by dl_cont_ym desc, substr(dl_cont_d,1,2) desc
	</select>
	
	<!-- 12개월간의 평수별 거래 평균 -->
	<select id="selectAvgPrice" parameterType="dealVo" resultType="avgTradeVo">
		select  round(avg(DL_PRICE), 1) as avg_price, round(avg(DL_DEPOS), 1) as avg_depos, round(avg(DL_RNT), 1) as avg_rnt from deal
		where dl_gu = #{dl_gu} and dl_dong=#{dl_dong} and dl_zip=#{dl_zip} and dl_rd=#{dl_rd}
		and dl_ty = #{dl_ty}
		and dl_excv_area = #{dl_excv_area}
		and to_date(dl_cont_ym, 'yyyyMM') between add_months(sysdate,-12) and sysdate 
	</select>
	
	<!-- 최근 거래 내역 -->
	<select id="selectRecentTrade" parameterType="dealVo" resultType="dealVo">
		select * from deal
		where dl_gu = #{dl_gu} and dl_dong= #{dl_dong} and dl_zip=#{dl_zip} and dl_rd=#{dl_rd}
		and dl_ty = #{dl_ty}
		and dl_excv_area = #{dl_excv_area}
		and to_date(dl_cont_ym || substr(dl_cont_d, 1,2), 'yyyyMMdd') 
		= ( select MAX(to_date(dl_cont_ym || substr(dl_cont_d, 1,2), 'yyyyMMdd')) from deal 
			where dl_gu = #{dl_gu} and dl_dong= #{dl_dong} and dl_zip= #{dl_zip} and dl_rd= #{dl_rd}
			and dl_ty = #{dl_ty}
			and dl_excv_area = #{dl_excv_area})
	</select>
	
	<insert id="insertReview" parameterType="postVo">
		<selectKey keyProperty="post_no" resultType="int" order="BEFORE">
			select seq_post_no.nextval from dual	
		</selectKey>
		insert into post (POST_NO, POST_BRD, POST_MEM, POST_TTL, POST_CNTNT, POST_DATE, POST_STAR, POST_EXST, POST_GU, POST_DONG, POST_ZIP, POST_RD)
		values (#{post_no},  #{post_brd}, #{post_mem}, #{post_ttl}, 
		#{post_cntnt}, sysdate, #{post_star}, 'N', #{post_gu}, #{post_dong}, #{post_zip}, #{post_rd}) 
	</insert>		
	
	<select id="selectReview" parameterType="articleVo" resultType="postVo">
		select post.*, substr(mem_email, 0, 6) || '**********' as mem_email, mem_nm from post, member
		where post_brd = 1 and post_gu = #{artcl_gu} and post_dong= #{artcl_dong} and post_zip= #{artcl_zip} and post_rd= #{artcl_rd}
		and post_mem = mem_no
		order by post_no desc
	</select>
	
	<select id="selectMonthlyAvg" parameterType="dealVo" resultType="dealVo">
		select NVL(A.DL_PRICE,0) DL_PRICE
		 , NVL(A.DL_DEPOS,0) DL_DEPOS
		 , NVL(A.DL_RNT,0) DL_RNT
		 , B.DL_CONT_YM2 DL_CONT_YM
		from 
		(select round(avg(DL_PRICE), 1) as dl_price , round(avg(DL_DEPOS), 1) as dl_depos , round(avg(DL_RNT), 1) as dl_rnt,
		DL_CONT_YM from deal
		where dl_gu = #{dl_gu} and dl_dong= #{dl_dong} and dl_zip=#{dl_zip} and dl_rd=#{dl_rd}
		and dl_ty = #{dl_ty}
		and dl_excv_area = #{dl_excv_area}
		GROUP BY DL_EXCV_AREA, DL_TY, DL_CONT_YM, DL_GU, DL_DONG, DL_ZIP, DL_RD
		order by dl_cont_ym desc) a,
		(select to_char(add_months(to_date(200801, 'yyyyMM'), level -1),'YYYYMM') as dl_cont_ym2 from dual
		connect by level &lt; 132) b
		where a.dl_cont_ym(+) = b.dl_cont_ym2
		ORDER BY B.dl_cont_ym2
	</select>

	<insert id="insertReply" parameterType="replyVo">
		insert into reply (rpl_no, rpl_cntnt, rpl_date, rpl_exst, rpl_post, rpl_mem)
		values (seq_rpl_no.nextval, #{rpl_cntnt}, sysdate, 'N', #{rpl_post}, #{rpl_mem})
	</insert>		
	
	<select id="selectReply" parameterType="int" resultType="replyVo">
	    select rpl_no, rpl_cntnt, to_char(rpl_date, 'yyyy-MM-dd') as rlp_date, rpl_exst, rpl_post, rpl_mem, mem_email, mem_nm from 
		(select * from post
			where post_no = #{int}), reply b, member
		where post_no = rpl_post
		and rpl_mem = mem_no
	</select>
	
	<delete id="deleteReply" parameterType="int">
		delete reply
		where rpl_no = #{int}
	</delete>
		
	<delete id="deleteReview" parameterType="String">
		update post
		set post_exst = 'Y'
		where post_no = #{String}
	</delete>
	
	<delete id="deleteReviewChild" parameterType="String">
		delete from reply
		where rpl_no in (
			select rpl_no from reply
			where rpl_post = #{String}
		)
	</delete>		

	<select id="selectReviewByNo" parameterType="string" resultType="postVo">
		select * from post
		where post_no = #{string}
	</select>		
	
	
	<insert id="insertPicture" parameterType="pictureVo">
		insert into picture (pic_no, pic_file_nm, pic_file_path, pic_uuid, pic_post)
		values (seq_pic_no.nextval, #{pic_file_nm}, #{pic_file_path}, #{pic_uuid}, #{pic_post})		
	</insert>
		
	<select id="selectReviewPic" parameterType="postVo" resultType="pictureVo">
		select * from picture 
		where PIC_POST = #{post_no}
	</select>
			
	<select id="selectPriceStat" parameterType="dealVo" resultType="avgStatVo">
		select
		(select round(avg(dl_price/dl_excv_area),0) as dl_price_avg  from article, deal
		where dl_ty = #{dl_ty}
		and artcl_gu = dl_gu and artcl_dong = dl_dong and artcl_zip = dl_zip and artcl_rd = dl_rd
		and artcl_bc = #{artcl_bc}
		and dl_cont_ym >= to_char(add_months(sysdate, -12), 'yyyyMM'))
		-
		(select  round(avg(dl_price/dl_excv_area),0)  from article, deal
		where artcl_gu = dl_gu and artcl_dong = dl_dong and artcl_zip = dl_zip and artcl_rd = dl_rd
		and dl_gu = #{dl_gu} and dl_dong= #{dl_dong} and dl_zip= #{dl_zip} and dl_rd=#{dl_rd}
		and dl_ty = #{dl_ty}
		and dl_cont_ym >= to_char(add_months(sysdate, -12), 'yyyyMM')) as price_stat
		,
		(select round(avg(dl_depos /dl_excv_area),0) as dl_rnt_avg from article, deal
		where dl_ty = #{dl_ty}
		and artcl_gu = dl_gu and artcl_dong = dl_dong and artcl_zip = dl_zip and artcl_rd = dl_rd
		and artcl_bc = #{artcl_bc}
		and dl_cont_ym >= to_char(add_months(sysdate, -12), 'yyyyMM'))
		-
		(select round(avg(dl_depos/dl_excv_area),0) from article, deal
		where artcl_gu = dl_gu and artcl_dong = dl_dong and artcl_zip = dl_zip and artcl_rd = dl_rd
		and dl_gu = #{dl_gu} and dl_dong= #{dl_dong} and dl_zip= #{dl_zip} and dl_rd=#{dl_rd}
		and dl_ty = #{dl_ty}
		and dl_cont_ym >= to_char(add_months(sysdate, -12), 'yyyyMM')) as depos_stat
		,
		(select round(avg(dl_rnt /dl_excv_area),1) as dl_rnt_avg from article, deal
		where dl_ty = #{dl_ty}
		and artcl_gu = dl_gu and artcl_dong = dl_dong and artcl_zip = dl_zip and artcl_rd = dl_rd
		and artcl_bc = #{artcl_bc}
		and dl_cont_ym >= to_char(add_months(sysdate, -12), 'yyyyMM'))
		-
		(select round(avg(dl_rnt/dl_excv_area),1) from article, deal
		where artcl_gu = dl_gu and artcl_dong = dl_dong and artcl_zip = dl_zip and artcl_rd = dl_rd
		and dl_gu = #{dl_gu} and dl_dong= #{dl_dong} and dl_zip= #{dl_zip} and dl_rd=#{dl_rd}
		and dl_ty = #{dl_ty}
		and dl_cont_ym >= to_char(add_months(sysdate, -12), 'yyyyMM')) as rnt_stat
		from dual
	</select>

	<select id="selectMarketStat" parameterType="String" resultType="_float">
		
		select 
		round(((select round(avg(mkd_price)) from market, market_detail
		where mk_nm = mkd_mk
		and  mk_dong = mkd_mk_dong
		and mkd_price &lt;&gt; 0)
		-
		(select round(avg(mkd_price), 1) from market, market_detail
		where mk_nm = mkd_mk
		and  mk_dong = mkd_mk_dong
		and mk_dong like #{string} || '%'
		and mkd_price &lt;&gt; 0)) / 100, 0)
		as price
		from dual
	</select>
	
	<select id="selectHumanStat" parameterType="String" resultType="_float">
		select 
		round(((select sum(HS_HM_NO) from HUMAN_STATISTIC
		where hs_dong like #{String} || '%'
		and hs_date = '201806')
		-
		(select round(avg(hm_num), 0) from 
		(select substr(hs_dong,1,2) as hs_dong,  hs_date,sum(hs_hm_no) as hm_num from HUMAN_STATISTIC
		where hs_date = '201806'
		group by substr(hs_dong,1,2), hs_date))) / 3000, 1) as humanavg
		from dual
	</select>
	
	
	<insert id="insertFavor" parameterType="favorVo">
		insert into favorite (favor_no, favor_mem, favor_gu, favor_dong, favor_zip, favor_rd, favor_ty)
		values (seq_favor_no.nextval, #{favor_mem}, #{favor_gu}, #{favor_dong} , #{favor_zip}, #{favor_rd}, #{favor_ty})
	</insert>
	
	<select id="selectFavorCount" parameterType="favorVo" resultType="int">
		select count(*) from favorite
		where favor_gu = #{favor_gu} and favor_dong = #{favor_dong} 
		and favor_zip = #{favor_zip} and favor_rd = #{favor_rd} and favor_ty = #{favor_ty}
	</select>
	
	<select id="selectFavor" parameterType="favorVo" resultType="favorVo">
		select * from favorite
		where favor_mem = #{favor_mem} 
		and favor_gu = #{favor_gu} and favor_dong = #{favor_dong} 
		and favor_zip = #{favor_zip} and favor_rd = #{favor_rd} and favor_ty = #{favor_ty}
	</select>	

	<delete id="deleteFavor" parameterType="int">
		delete favorite
		where favor_no = #{int}
	</delete>
	
	<!-- 신고 분류 리스트 가져오기 -->
	<select id="getRpt_classf" resultType="rpt_cfVo">
		Select rpt_classf, rpt_cf_nm From report_classf
	</select>

	<insert id="insertReport" parameterType="reportVo">
		insert into report (rpt_no, rpt_post, rpt_cntnt, rpt_date, rpt_classf, rpt_mem, rpt_ttl, rpt_exst)	
		values (seq_rpt_no.nextval, #{rpt_post}, #{rpt_cntnt}, sysdate, #{rpt_classf}, #{rpt_mem}, #{rpt_ttl}, 'N')
	</insert>

	<delete id="deletePic" parameterType="String">
		delete picture
		where pic_no = #{string}	
	</delete>
	
	<update id="updateReview" parameterType="postVo">
		update post
		set post_ttl = #{post_ttl}, post_cntnt = #{post_cntnt}, post_star = #{post_star}
		where post_no = #{post_no}
	</update>	
	
	<select id="selectTrafficStat" parameterType="dealVo" resultType="_float">
		select 
		round(
		(select count(*) from station, route, bus
		where sttn_id = rt_id 
		and rt_cd = bus_cd
		and sttn_lat between (select artcl_lat from article
		where artcl_gu = #{dl_gu} and artcl_dong=#{dl_dong} and artcl_zip=#{dl_zip} and artcl_rd=#{dl_rd})
		- 0.007 and (select artcl_lat from article
		where artcl_gu = #{dl_gu} and artcl_dong=#{dl_dong} and artcl_zip=#{dl_zip} and artcl_rd=#{dl_rd}) + 0.007
		and sttn_lng between (select artcl_lng from article
		where artcl_gu = #{dl_gu} and artcl_dong=#{dl_dong} and artcl_zip=#{dl_zip} and artcl_rd=#{dl_rd}
		) - 0.007 and (select artcl_lng from article
		where artcl_gu = #{dl_gu} and artcl_dong=#{dl_dong} and artcl_zip=#{dl_zip} and artcl_rd=#{dl_rd}
		) + 0.007)
		 / 50 , 1) as avg_traffic from dual
	</select>
	
	
</mapper>






















