<?xml version="1.0" encoding="UTF-8"?>
<!DOCTYPE mapper
  PUBLIC "-//mybatis.org//DTD Mapper 3.0//EN"
  "http://mybatis.org/dtd/mybatis-3-mapper.dtd">
<mapper namespace="notice">
	<!--공지사항 list 가져오기 -->
	<select id="selectNotice" resultType="postVo">
		select * from post where post_brd=2 order by post_date desc
	</select>
	<!-- 공지사항list 페이징처리 -->
	<select id="selectPosts" parameterType="pageVo" resultType="postVo">
        select b.* from
			(select a.*,rownum as rnum 
			from 
				(select post_no, post_ttl,post_cntnt,post_date from post
				where post_brd=2 order by post_no desc)a) b
		where rnum between #{page}*#{pageSize}-(#{pageSize}-1) 
        and #{page}*#{pageSize}
	</select>
	
	<select id="getPostCnt" resultType="int">
    	select count(*) from post where post_brd=2
  	</select>
  	
  	<!-- 공지사항 가져오기 -->
	<select id="selectPost" resultType="postVo" parameterType="int">
		select * from post where post_no=#{post_no}
	</select>
	
	<!-- 공지사항 등록 -->
	<insert id="insertPost">
		insert into post(post_no,post_brd,post_mem,post_ttl,post_cntnt,post_date)
	values (seq_post_no.nextval,2,1,#{post_ttl},#{post_cntnt},sysdate)
	</insert>
	
	<!-- 공지사항 수정 -->
	<update id="updateNotice" parameterType="postVo">
		update post set <if test="post_ttl!=null">post_ttl=#{post_ttl}</if>,<if test="post_cntnt!=null">post_cntnt=#{post_cntnt}</if> where post_brd=2 and post_no=#{post_no} 
	</update>

	<!-- 공지사항 삭제 -->
	<delete id="deleteNotice" parameterType="int">
		delete from post where post_no=#{post_no}
	</delete>
	
  	<!-- 게시글 제목 검색 --> 
 	<select id="searchNotice" resultType="postVo" parameterType="pageVo">
        select b.* from
			(select a.*,rownum as rnum 
			from 
				(select post_no, post_ttl,post_cntnt,post_date from post
				where post_brd=2 
				<if test="selBox != null and searchNm != null">
					<if test="selBox == 'title'">
						and (post_ttl like '%' || #{searchNm} || '%'
					</if>
					<if test="selBox == 'content'">
						and (post_cntnt like '%' || #{searchNm} || '%'
					</if>
					<if test="selBox == 'all'">
						and (post_ttl like '%' || #{searchNm} || '%'
						or post_cntnt like '%' || #{searchNm} || '%'
					</if>
					)
				</if>
				order by post_no desc)a
			 ) b
		where rnum between #{page}*#{pageSize}-(#{pageSize}-1) and
		#{page}*#{pageSize} 
 	</select>
 	
 	<!-- 검색 게시글 수 -->
 	<select id="searchCnt" resultType="int" parameterType="pageVo">
 		select count(*) from post
				where post_brd=2 
				<if test="selBox != null and searchNm != null">
					<if test="selBox == 'title'">
						and (post_ttl like '%' || #{searchNm} || '%'
					</if>
					<if test="selBox == 'content'">
						and (post_cntnt like '%' || #{searchNm} || '%'

					</if>
					<if test="selBox == 'all'">
						and (post_ttl like '%' || #{searchNm} || '%'
						or post_cntnt like '%' || #{searchNm} || '%'
					</if>
					)
				</if>
			order by post_no desc
 	</select>
</mapper>






















