<?xml version="1.0" encoding="UTF-8"?>
<!DOCTYPE tiles-definitions PUBLIC "-//Apache Software Foundation//DTD Tiles Configuration 3.0//EN" "http://tiles.apache.org/dtds/tiles-config_3_0.dtd">

<tiles-definitions>
	<definition name="userLayout" template="/WEB-INF/view/common/user_layout.jsp">
		<put-attribute name="header" value="/WEB-INF/view/common/header.jsp"></put-attribute>
		<put-attribute name="content" value=""></put-attribute>
	</definition>
	
	<definition name="adminLayout" template="/WEB-INF/view/common/admin_layout.jsp">
		<put-attribute name="header" value="/WEB-INF/view/common/header.jsp"></put-attribute>
		<put-attribute name="left" value="/WEB-INF/view/common/admin_left.jsp"></put-attribute>
		<put-attribute name="content" value=""></put-attribute>
	</definition>
	
	<definition name="memberLayout" template="/WEB-INF/view/common/member_layout.jsp">
		<put-attribute name="header" value="/WEB-INF/view/common/header.jsp"></put-attribute>
		<put-attribute name="left" value="/WEB-INF/view/common/member_left.jsp"></put-attribute>
		<put-attribute name="content" value=""></put-attribute>
	</definition>
	
	<!--***************** userLayout ******************* -->
	<definition name="main" extends="userLayout">
		<put-attribute name="content" value="/WEB-INF/view/user/main.jsp"></put-attribute>
	</definition>

	<definition name="auction" extends="userLayout">
		<put-attribute name="content" value="/WEB-INF/view/user/auction.jsp"></put-attribute>
	</definition>
	
	<definition name="detail" extends="userLayout">
		<put-attribute name="content" value="/WEB-INF/view/user/detail.jsp"></put-attribute>
	</definition>
	
	<definition name="local" extends="userLayout">
		<put-attribute name="content" value="/WEB-INF/view/user/local.jsp"></put-attribute>
	</definition>
	
	<definition name="login" extends="userLayout">
		<put-attribute name="content" value="/WEB-INF/view/member/login.jsp"></put-attribute>
	</definition>

	<definition name="selectLogin" extends="userLayout">
		<put-attribute name="content" value="/WEB-INF/view/member/selectLogin.jsp"></put-attribute>
	</definition>

	<definition name="signup" extends="userLayout">
		<put-attribute name="content" value="/WEB-INF/view/member/signup.jsp"></put-attribute>
	</definition>
	
	<definition name="kakaoSignup" extends="userLayout">
		<put-attribute name="content" value="/WEB-INF/view/member/kakaoSignup.jsp"></put-attribute>
	</definition>

	<definition name="signupDetail" extends="userLayout">
		<put-attribute name="content" value="/WEB-INF/view/member/signupDetail.jsp"></put-attribute>
	</definition>
	
	<definition name="loginErr" extends="userLayout">
		<put-attribute name="content" value="/WEB-INF/view/member/loginErr.jsp"></put-attribute>
	</definition>
	
	<definition name="passCertification" extends="userLayout">
		<put-attribute name="content" value="/WEB-INF/view/member/passCertification.jsp"></put-attribute>
	</definition>
	
	<definition name="passMailOk" extends="userLayout">
		<put-attribute name="content" value="/WEB-INF/view/member/passMailOk.jsp"></put-attribute>
	</definition>

	<!--***************** memberLayout ******************* -->
	<definition name="myinfo" extends="memberLayout">
		<put-attribute name="content" value="/WEB-INF/view/member/myinfo.jsp"></put-attribute>
	</definition>

	<definition name="myInfoUpdate" extends="memberLayout">
		<put-attribute name="content" value="/WEB-INF/view/member/myInfoUpdate.jsp"></put-attribute>
	</definition>
	
	<definition name="steamList" extends="memberLayout">
		<put-attribute name="content" value="/WEB-INF/view/member/steamList.jsp"></put-attribute>
	</definition>
	
	<definition name="passWordChange" extends="memberLayout">
		<put-attribute name="content" value="/WEB-INF/view/member/passWordChange.jsp"></put-attribute>
	</definition>
	
	<definition name="withdrawal" extends="memberLayout">
		<put-attribute name="content" value="/WEB-INF/view/member/withdrawal.jsp"></put-attribute>
	</definition>
	
	<definition name="recentlyViewed" extends="memberLayout">
		<put-attribute name="content" value="/WEB-INF/view/member/recentlyViewed.jsp"></put-attribute>
	</definition>
	
	<!-- <definition name="withdrawal" extends="memberLayout">
		<put-attribute name="content" value="/WEB-INF/view/member/withdrawal.jsp"></put-attribute>
	</definition> -->
	
	

	<!--***************** adminLayout ******************* -->
	<definition name="admin" extends="adminLayout">
		<put-attribute name="content" value="/WEB-INF/view/adminM.jsp"></put-attribute>
	</definition>

	<definition name="memberList" extends="adminLayout">
		<put-attribute name="content" value="/WEB-INF/view/admin/manage/member.jsp"></put-attribute>
	</definition>
	
	<definition name="manage/dataEtc" extends="adminLayout">
		<put-attribute name="content" value="/WEB-INF/view/admin/manage/dataEtc.jsp"></put-attribute>
	</definition>
	
	<definition name="manage/dataTrade" extends="adminLayout">
		<put-attribute name="content" value="/WEB-INF/view/admin/manage/dataTrade.jsp"></put-attribute>
	</definition>
	
	<definition name="manage/notice" extends="adminLayout">
		<put-attribute name="content" value="/WEB-INF/view/admin/manage/notice.jsp"></put-attribute>
	</definition>
	
	<!-- 12.26추가 -->
	<definition name="manage/noticeInsert" extends="adminLayout">
		<put-attribute name="content" value="/WEB-INF/view/admin/manage/noticeInsert.jsp"></put-attribute>
	</definition>
	<!-- 12.26추가끝 -->
	
	<definition name="manage/report" extends="adminLayout">
		<put-attribute name="content" value="/WEB-INF/view/admin/manage/report.jsp"></put-attribute>
	</definition>
	
	<definition name="manage/review" extends="adminLayout">
		<put-attribute name="content" value="/WEB-INF/view/admin/manage/review.jsp"></put-attribute>
	</definition>
	
	<definition name="manage/ban" extends="adminLayout">
		<put-attribute name="content" value="/WEB-INF/view/admin/manage/ban.jsp"></put-attribute>
	</definition>
	
	<definition name="statis/member" extends="adminLayout">
		<put-attribute name="content" value="/WEB-INF/view/admin/statis/member.jsp"></put-attribute>
	</definition>
	
	<definition name="statis/favor" extends="adminLayout">
		<put-attribute name="content" value="/WEB-INF/view/admin/statis/favor.jsp"></put-attribute>
	</definition>
	
	<definition name="statis/interest" extends="adminLayout">
		<put-attribute name="content" value="/WEB-INF/view/admin/statis/interest.jsp"></put-attribute>
	</definition>
	
	<definition name="statis/pageCount" extends="adminLayout">
		<put-attribute name="content" value="/WEB-INF/view/admin/statis/pageCount.jsp"></put-attribute>
	</definition>
	
	<definition name="statis/visitor" extends="adminLayout">
		<put-attribute name="content" value="/WEB-INF/view/admin/statis/visitor.jsp"></put-attribute>
	</definition>
</tiles-definitions>