<?xml version="1.0" encoding="UTF-8"?>
<beans xmlns="http://www.springframework.org/schema/beans"
	xmlns:xsi="http://www.w3.org/2001/XMLSchema-instance"
	xmlns:context="http://www.springframework.org/schema/context"
	xsi:schemaLocation="http://www.springframework.org/schema/beans http://www.springframework.org/schema/beans/spring-beans.xsd
		http://www.springframework.org/schema/context http://www.springframework.org/schema/context/spring-context-3.2.xsd">
	
	<!-- 프로퍼티 설정 -->
	<context:property-placeholder location="classpath:kr/or/ju/db/setting/db.properties"/>

	<!-- datasource 설정 -->
	<bean id="datasource" class="org.apache.commons.dbcp2.BasicDataSource">
		<property name="url" value="${jdbc.url}"/>
		<property name="driverClassName" value="${jdbc.driver}"/>
		<property name="username" value="${jdbc.user}"/>
		<property name="password" value="${jdbc.password}"/>
	</bean>
	
	<!-- sqlSession을 생성해줄 factory -->
	<bean id="sqlSessionFactoryBean" class="org.mybatis.spring.SqlSessionFactoryBean">
		<property name="dataSource" ref="datasource"/>
		<property name="configLocation" value="classpath:kr/or/ju/db/setting/mybatis-config.xml"></property>
	</bean>
	
	<!-- sqlSession객체 -->
	<bean id="sqlSessionTemplate" class="org.mybatis.spring.SqlSessionTemplate">
		<constructor-arg name="sqlSessionFactory" ref="sqlSessionFactoryBean"/>
	</bean>

</beans>
