<?xml version="1.0" encoding="UTF-8"?>
<!DOCTYPE tiles-definitions PUBLIC "-//Apache Software Foundation//DTD Tiles Configuration 3.0//EN" "http://tiles.apache.org/dtds/tiles-config_3_0.dtd">

<!-- tiles layout 정의  -->
<tiles-definitions>

	<!-- 여기 안에다가 layout 설정하세요 -->
	<definition name="introLayout" template="/WEB-INF/ju/layout/intro_layout.jsp">
		<put-attribute name="header" value="/WEB-INF/ju/layout/header.jsp"></put-attribute>
		<put-attribute name="content" value=""></put-attribute>
		<put-attribute name="bottom" value="/WEB-INF/ju/layout/bottom.jsp"></put-attribute>
	</definition>
	
	<!--##################### CONTENT LAYOUT 설정 #################### -->
	<!-- 제일 처음 페이지 -->
	<definition name="index" extends="introLayout">
		<put-attribute name="content" value="/index.jsp"></put-attribute>
	</definition>
	
	<!-- 로그인버튼 클릭후 들어간 초기 페이지 -->
	<definition name="login" extends="introLayout">
		<put-attribute name="content" value="/WEB-INF/ju/main/login.jsp"></put-attribute>
	</definition>
	
	<!-- 회원가입  페이지 -->
	<definition name="signUp" extends="introLayout">
		<put-attribute name="content" value="/WEB-INF/ju/main/signUp.jsp"></put-attribute>
	</definition>
	
	<!-- 마이페이지 -->
	<definition name="myPage" extends="introLayout">
		<put-attribute name="content" value="/WEB-INF/ju/main/myPage.jsp"></put-attribute>
	</definition>
	
	
</tiles-definitions>
